model,accuracy,loss
SimpleCNN,0.37055838108062744,3.0542335510253906
