model,accuracy,loss
SimpleCNN,0.7850000262260437,0.8069755434989929
